Workbook

Sheet Dashboard
A1: Total Audit vs Fraud Dashboard
A3: Big 4 Financial Risk Compliance | Built only from Regression Analysis, Histogram, Correlation & Covariance, and Descriptive Statistics
A5: Observations | D5: Correlation (r) | G5: R Square | J5: Significance F | M5: Avg Audit Engagements | P5: Avg Fraud Cases
A6: ='Regression Analysis'!B8 -> 100 | D6: ='Correlation & Covariance'!E4 -> 0.26738541 | G6: ='Regression Analysis'!B5 -> 0.071494958 | J6: ='Regression Analysis'!F12 -> 0.007158258 | M6: ='Descriptive Statistics'!E4 -> 2784.52 | P6: ='Descriptive Statistics'!G4 -> 52.7
A8: Regression sample size | D8: Weak positive link | G8: Explained variance | J8: Overall model p-value | M8: Descriptive mean | P8: Descriptive mean
A10: Relationship View | Correlation + Regression | J10: Distribution View | Histogram
A24: Descriptive Statistics Snapshot | G24: Regression Summary | M24: Correlation & Covariance Snapshot
A25: Metric | C25: Audit | E25: Fraud | G25: Multiple R | J25: ='Regression Analysis'!B4 -> 0.26738541 | M25: Correlation matrix
A26: Mean | C26: ='Descriptive Statistics'!E4 -> 2784.52 | E26: ='Descriptive Statistics'!G4 -> 52.7 | G26: R Square | J26: ='Regression Analysis'!B5 -> 0.071494958 | O26: Audit | Q26: Fraud
A27: Median | C27: ='Descriptive Statistics'!E6 -> 2650 | E27: ='Descriptive Statistics'!G6 -> 54 | G27: Adjusted R Square | J27: ='Regression Analysis'!B6 -> 0.062020417 | M27: Audit | O27: =1 -> 1 | Q27: ='Correlation & Covariance'!E4 -> 0.26738541
A28: Std Deviation | C28: ='Descriptive Statistics'!E8 -> 1281.8631 | E28: ='Descriptive Statistics'!G8 -> 28.311221 | G28: Std Error | J28: ='Regression Analysis'!B7 -> 27.419233 | M28: Fraud | O28: ='Correlation & Covariance'!E4 -> 0.26738541 | Q28: =1 -> 1
A29: Minimum | C29: ='Descriptive Statistics'!E13 -> 603 | E29: ='Descriptive Statistics'!G13 -> 5 | G29: F Statistic | J29: ='Regression Analysis'!E12 -> 7.5460073
A30: Maximum | C30: ='Descriptive Statistics'!E14 -> 4946 | E30: ='Descriptive Statistics'!G14 -> 100 | G30: Significance F | J30: ='Regression Analysis'!F12 -> 0.007158258 | M30: Covariance | P30: ='Correlation & Covariance'!E9 -> 9606.676
A31: Range | C31: ='Descriptive Statistics'!E12 -> 4343 | E31: ='Descriptive Statistics'!G12 -> 95 | G31: Intercept | J31: ='Regression Analysis'!B17 -> 36.256093 | M31: Var(Audit) | P31: ='Correlation & Covariance'!E8 -> 1626741.2
A32: Count | C32: ='Descriptive Statistics'!E16 -> 100 | E32: ='Descriptive Statistics'!G16 -> 100 | G32: Audit Coefficient | J32: ='Regression Analysis'!B18 -> 0.0059054728 | M32: Var(Fraud) | P32: ='Correlation & Covariance'!F9 -> 793.51
G33: Coeff. P-value | J33: ='Regression Analysis'!E18 -> 0.007158258 | M33: Positive covariance and a 0.267 correlation suggest fraud detections generally rise as audit engagement volume increases.
G34: Predicted Fraud = 36.26 + 0.0059 x Total Audit Engagements
A36: Insight 1 | G36: Insight 2 | M36: Insight 3
A37: The relationship is positive but modest: r = 0.267, indicating a weak upward association between audit volume and fraud detection. | G37: The regression is statistically significant (p = 0.0072), but R square is only 7.1%, so audit volume alone explains a limited share of variation. | M37: Fraud detections are widely dispersed (min 5, max 100, standard deviation 28.3), showing materially different risk profiles across observations.
A41: Source worksheets used: Regression Analysis | Histogram | Correlation & Covariance | Descriptive Statistics

Sheet Regression Analysis
A1: SUMMARY OUTPUT
A3: Regression Statistics
A4: Multiple R | B4: 0.26738541
A5: R Square | B5: 0.071494958
A6: Adjusted R Square | B6: 0.062020417
A7: Standard Error | B7: 27.419233
A8: Observations | B8: 100
A10: ANOVA
B11: df | C11: SS | D11: MS | E11: F | F11: Significance F
A12: Regression | B12: 1 | C12: 5673.1964 | D12: 5673.1964 | E12: 7.5460073 | F12: 0.007158258
A13: Residual | B13: 98 | C13: 73677.804 | D13: 751.81432
A14: Total | B14: 99 | C14: 79351
B16: Coefficients | C16: Standard Error | D16: t Stat | E16: P-value | F16: Lower 95% | G16: Upper 95% | H16: Lower 95.0% | I16: Upper 95.0%
A17: Intercept | B17: 36.256093 | C17: 6.5842189 | D17: 5.5065139 | E17: 2.9430447e-07 | F17: 23.189925 | G17: 49.322261 | H17: 23.189925 | I17: 49.322261
A18: Total_Audit_Engagements | B18: 0.0059054728 | C18: 0.0021497901 | D18: 2.7469997 | E18: 0.007158258 | F18: 0.0016392843 | G18: 0.010171661 | H18: 0.0016392843 | I18: 0.010171661
A22: RESIDUAL OUTPUT | F22: PROBABILITY OUTPUT
A24: Observation | B24: Predicted Fraud_Cases_Detected | C24: Residuals | D24: Standard Residuals | F24: Percentile | G24: Fraud_Cases_Detected
A25: 1 | B25: 52.962675 | C25: -13.962675 | D25: -0.51182077 | F25: 0.5 | G25: 5
A26: 2 | B26: 57.450835 | C26: 2.5491652 | D26: 0.093443102 | F26: 1.5 | G26: 6
A27: 3 | B27: 50.653636 | C27: 46.346364 | D27: 1.6988887 | F27: 2.5 | G27: 10
A28: 4 | B28: 51.881974 | C28: 45.118026 | D28: 1.6538623 | F28: 3.5 | G28: 10
A29: 5 | B29: 52.08276 | C29: -6.08276 | D29: -0.2229718 | F29: 4.5 | G29: 11
A30: 6 | B30: 41.08677 | C30: -11.08677 | D30: -0.40640055 | F30: 5.5 | G30: 11
A31: 7 | B31: 43.336755 | C31: -32.336755 | D31: -1.1853475 | F31: 6.5 | G31: 11
A32: 8 | B32: 60.421288 | C32: 8.5787124 | D32: 0.31446432 | F32: 7.5 | G32: 12
A33: 9 | B33: 60.799238 | C33: 34.200762 | D33: 1.2536752 | F33: 8.5 | G33: 13
A34: 10 | B34: 50.96072 | C34: -28.96072 | D34: -1.0615944 | F34: 9.5 | G34: 14
A35: 11 | B35: 45.096586 | C35: -35.096586 | D35: -1.2865129 | F35: 10.5 | G35: 14
A36: 12 | B36: 52.271735 | C36: 8.7282649 | D36: 0.31994636 | F36: 11.5 | G36: 14
... A124: 100 | B124: 62.671273 | C124: -4.6712727 | D124: -0.17123183 | F124: 99.5 | G124: 100

Sheet Histogram
A1: Bin | B1: Frequency | C1: Cumulative % | D1: Bin | E1: Frequency | F1: Cumulative %
A2: 5 | B2: 1 | C2: 0.01 | D2: More | E2: 14 | F2: 0.14
A3: 14.5 | B3: 11 | C3: 0.12 | D3: 62 | E3: 12 | F3: 0.26
A4: 24 | B4: 10 | C4: 0.22 | D4: 14.5 | E4: 11 | F4: 0.37
A5: 33.5 | B5: 10 | C5: 0.32 | D5: 24 | E5: 10 | F5: 0.47
A6: 43 | B6: 9 | C6: 0.41 | D6: 33.5 | E6: 10 | F6: 0.57
A7: 52.5 | B7: 8 | C7: 0.49 | D7: 71.5 | E7: 10 | F7: 0.67
A8: 62 | B8: 12 | C8: 0.61 | D8: 43 | E8: 9 | F8: 0.76
A9: 71.5 | B9: 10 | C9: 0.71 | D9: 52.5 | E9: 8 | F9: 0.84
A10: 81 | B10: 8 | C10: 0.79 | D10: 81 | E10: 8 | F10: 0.92
A11: 90.5 | B11: 7 | C11: 0.86 | D11: 90.5 | E11: 7 | F11: 0.99
A12: More | B12: 14 | C12: 1 | D12: 5 | E12: 1 | F12: 1

Sheet Correlation & Covariance
A1: Total_Audit_Engagements | B1: Fraud_Cases_Detected
A2: 2829 | B2: 39 | E2: Total_Audit_Engagements | F2: Fraud_Cases_Detected
A3: 3589 | B3: 60 | D3: Total_Audit_Engagements | E3: 1
A4: 2438 | B4: 97 | D4: Fraud_Cases_Detected | E4: 0.26738541 | F4: 1
A5: 2646 | B5: 97
A6: 2680 | B6: 46
A7: 818 | B7: 30 | E7: Total_Audit_Engagements | F7: Fraud_Cases_Detected
A8: 1199 | B8: 11 | D8: Total_Audit_Engagements | E8: =VARP('Correlation & Covariance'!$A$2:$A$101) -> 1626741.2
A9: 4092 | B9: 69 | D9: Fraud_Cases_Detected | E9: 9606.676 | F9: =VARP('Correlation & Covariance'!$B$2:$B$101) -> 793.51
A10: 4156 | B10: 95
A11: 2490 | B11: 22
A12: 1497 | B12: 10
A13: 2712 | B13: 61
A14: 2885 | B14: 92
A15: 2267 | B15: 42
A16: 2333 | B16: 17
A17: 3490 | B17: 62
A18: 3264 | B18: 18
A19: 4813 | B19: 64
A20: 2804 | B20: 36
A21: 2239 | B21: 14
... A101: 4473 | B101: 58

Sheet Descriptive Statistics
A1: Total_Audit_Engagements | B1: Fraud_Cases_Detected
A2: 2829 | B2: 39 | D2: Total_Audit_Engagements | F2: Fraud_Cases_Detected
A3: 3589 | B3: 60
A4: 2438 | B4: 97 | D4: Mean | E4: 2784.52 | F4: Mean | G4: 52.7
A5: 2646 | B5: 97 | D5: Standard Error | E5: 128.18631 | F5: Standard Error | G5: 2.8311221
A6: 2680 | B6: 46 | D6: Median | E6: 2650 | F6: Median | G6: 54
A7: 818 | B7: 30 | D7: Mode | E7: =#N/A -> #N/A | F7: Mode | G7: 94
A8: 1199 | B8: 11 | D8: Standard Deviation | E8: 1281.8631 | F8: Standard Deviation | G8: 28.311221
A9: 4092 | B9: 69 | D9: Sample Variance | E9: 1643172.9 | F9: Sample Variance | G9: 801.52525
A10: 4156 | B10: 95 | D10: Kurtosis | E10: -1.2286819 | F10: Kurtosis | G10: -1.2459306
A11: 2490 | B11: 22 | D11: Skewness | E11: 0.08254037 | F11: Skewness | G11: 0.02061716
A12: 1497 | B12: 10 | D12: Range | E12: 4343 | F12: Range | G12: 95
A13: 2712 | B13: 61 | D13: Minimum | E13: 603 | F13: Minimum | G13: 5
A14: 2885 | B14: 92 | D14: Maximum | E14: 4946 | F14: Maximum | G14: 100
A15: 2267 | B15: 42 | D15: Sum | E15: 278452 | F15: Sum | G15: 5270
A16: 2333 | B16: 17 | D16: Count | E16: 100 | F16: Count | G16: 100
A17: 3490 | B17: 62
A18: 3264 | B18: 18
A19: 4813 | B19: 64
A20: 2804 | B20: 36
A21: 2239 | B21: 14
A22: 1581 | B22: 72
A23: 760 | B23: 69
A24: 2238 | B24: 79
A25: 1760 | B25: 11
A26: 4103 | B26: 30
A27: 4470 | B27: 54
A28: 2515 | B28: 94
... A101: 4473 | B101: 58

Sheet Big 4 Financial risk compliance
A1: Year | B1: Firm_Name | C1: Total_Audit_Engagements | D1: High_Risk_Cases | E1: Compliance_Violations | F1: Fraud_Cases_Detected | G1: Industry_Affected | H1: Total_Revenue_Impact | I1: AI_Used_for_Auditing | J1: Employee_Workload | K1: Audit_Effectiveness_Score | L1: Client_Satisfaction_Score
A2: 2020 | B2: PwC | C2: 2829 | D2: 51 | E2: 123 | F2: 39 | G2: Healthcare | H2: 114.24 | I2: No | J2: 57 | K2: 5.8 | L2: 8.4
A3: 2022 | B3: Deloitte | C3: 3589 | D3: 185 | E3: 30 | F3: 60 | G3: Healthcare | H3: 156.98 | I3: Yes | J3: 58 | K3: 5.3 | L3: 6.7
A4: 2020 | B4: PwC | C4: 2438 | D4: 212 | E4: 124 | F4: 97 | G4: Healthcare | H4: 131.83 | I4: No | J4: 76 | K4: 6.1 | L4: 6.2
A5: 2021 | B5: PwC | C5: 2646 | D5: 397 | E5: 55 | F5: 97 | G5: Healthcare | H5: 229.11 | I5: No | J5: 60 | K5: 5.1 | L5: 8.6
A6: 2020 | B6: PwC | C6: 2680 | D6: 216 | E6: 99 | F6: 46 | G6: Healthcare | H6: 48 | I6: No | J6: 51 | K6: 9.1 | L6: 6.7
A7: 2023 | B7: Deloitte | C7: 818 | D7: 448 | E7: 10 | F7: 30 | G7: Finance | H7: 438.89 | I7: No | J7: 73 | K7: 5.3 | L7: 7.1
A8: 2022 | B8: Deloitte | C8: 1199 | D8: 148 | E8: 114 | F8: 11 | G8: Retail | H8: 468.82 | I8: No | J8: 53 | K8: 9.6 | L8: 6.3
A9: 2020 | B9: PwC | C9: 4092 | D9: 500 | E9: 152 | F9: 69 | G9: Tech | H9: 53.85 | I9: Yes | J9: 80 | K9: 9.4 | L9: 9.5
A10: 2021 | B10: PwC | C10: 4156 | D10: 362 | E10: 53 | F10: 95 | G10: Finance | H10: 318.79 | I10: No | J10: 56 | K10: 6 | L10: 6
A11: 2021 | B11: Ernst & Young | C11: 2490 | D11: 74 | E11: 144 | F11: 22 | G11: Retail | H11: 461.33 | I11: Yes | J11: 66 | K11: 6.8 | L11: 7.3
A12: 2020 | B12: KPMG | C12: 1497 | D12: 330 | E12: 10 | F12: 10 | G12: Finance | H12: 258.49 | I12: Yes | J12: 59 | K12: 8.3 | L12: 8
A13: 2024 | B13: Ernst & Young | C13: 2712 | D13: 408 | E13: 186 | F13: 61 | G13: Healthcare | H13: 224.92 | I13: Yes | J13: 78 | K13: 9.5 | L13: 8.9
... A101: 2021 | B101: PwC | C101: 4473 | D101: 195 | E101: 199 | F101: 58 | G101: Finance | H101: 235.12 | I101: Yes | J101: 54 | K101: 6.4 | L101: 7.4
